{
	"info": {
		"_postman_id": "97e023bb-0984-41a2-8e45-d630bbdddfc9",
		"name": "PetStoreCollections",
		"schema": "https://schema.getpostman.com/json/collection/v2.1.0/collection.json",
		"_exporter_id": "40991998"
	},
	"item": [
		{
			"name": "AddNewPet",
			"event": [
				{
					"listen": "test",
					"script": {
						"exec": [
							"const responseData = pm.response.json();\r",
							"\r",
							"pm.test(\"Verify Status code is 200\", function() {\r",
							"    pm.response.to.have.status(200);\r",
							"});\r",
							"\r",
							"pm.test(\"Verify Response contains required top-level fields\", function() {\r",
							"    const responseData = pm.response.json(); // Define responseData here\r",
							"    pm.expect(responseData).to.have.all.keys(\r",
							"        'id', 'category', 'name', 'photoUrls', 'tags', 'status'\r",
							"    );\r",
							"});\r",
							"\r",
							"pm.test(\"Verify ID is a number\", function() {\r",
							"    pm.expect(responseData.id).to.be.a('number');\r",
							"});\r",
							"\r",
							"pm.test(\"Verify ID is not null\", function() {\r",
							"    pm.expect(responseData.id).not.to.be.null;\r",
							"});\r",
							"\r",
							"\r",
							"pm.test(\" Verify Category Object has correct structure\", function() {\r",
							"    pm.expect(responseData.category).to.be.an('object');\r",
							"    pm.expect(responseData.category).to.have.all.keys('id', 'name');\r",
							"    pm.expect(responseData.category.id).to.be.a('number');\r",
							"    pm.expect(responseData.category.name).to.be.a('string');\r",
							"});\r",
							"\r",
							"pm.test(\"Verify Name is a string\", function() {\r",
							"    pm.expect(responseData.name).to.be.a('string');\r",
							"    pm.expect(responseData.name).to.not.be.empty;\r",
							"});\r",
							"\r",
							"pm.test(\"Verify photoUrls is an array\", function() {\r",
							"    pm.expect(responseData.photoUrls).to.be.an('array');\r",
							"    pm.expect(responseData.photoUrls.length).to.be.at.least(1);\r",
							"});\r",
							"\r",
							"pm.test(\"All photoUrls are strings\", function() {\r",
							"    responseData.photoUrls.forEach(url => {\r",
							"        pm.expect(url).to.be.a('string');\r",
							"    });\r",
							"});\r",
							"\r",
							"pm.test(\"Verify tags is an array\", function() {\r",
							"    pm.expect(responseData.tags).to.be.an('array');\r",
							"});\r",
							"\r",
							"pm.test(\"Each tag has correct structure\", function() {\r",
							"    responseData.tags.forEach(tag => {\r",
							"        pm.expect(tag).to.be.an('object');\r",
							"        pm.expect(tag).to.have.all.keys('id', 'name');\r",
							"        pm.expect(tag.id).to.be.a('number');\r",
							"        pm.expect(tag.name).to.be.a('string');\r",
							"    });\r",
							"});\r",
							"\r",
							"pm.test(\"Verify the Status Field\", function() {\r",
							"    const validStatuses = ['available', 'pending', 'sold'];\r",
							"    pm.expect(responseData.status).to.be.oneOf(validStatuses);\r",
							"});\r",
							"\r",
							"//Verify response matches request data (if request data is available)\r",
							"if (pm.request.body.raw) {\r",
							"    const requestData = JSON.parse(pm.request.body.raw);\r",
							"    \r",
							"    pm.test(\"Response name matches with request name\", function() {\r",
							"        pm.expect(responseData.name).to.eql(requestData.name);\r",
							"    });\r",
							"    \r",
							"    pm.test(\"Response status matches request status\", function() {\r",
							"        pm.expect(responseData.status).to.eql(requestData.status);\r",
							"    });\r",
							"}\r",
							"pm.test(\"Invalid request returns appropriate error\", function() {\r",
							"    if (pm.response.code >= 201) {\r",
							"        const errorResponse = pm.response.json();\r",
							"        pm.expect(errorResponse).to.have.property('message');\r",
							"        pm.expect(errorResponse.message).to.be.a('string');\r",
							"    }\r",
							"});\r",
							"\r",
							"try {\r",
							"    \r",
							"    // Update environment variable\r",
							"    if (responseData.id) {\r",
							"        pm.environment.set(\"PetId\", responseData.id);\r",
							"        console.log(\"Updated PetId:\", responseData.id);\r",
							"        \r",
							"        // Verify it was set\r",
							"        const GetenvValue = pm.environment.get(\"PetId\");\r",
							"        console.log(\"Current environment PetId:\", GetenvValue);\r",
							"        \r",
							"        if (GetenvValue !== responseData.id.toString()) {\r",
							"            console.error(\"Environment variable is not updated correctly!\");\r",
							"        }\r",
							"    } else {\r",
							"        console.log(\"No ID found in response\");\r",
							"    }\r",
							"} catch (e) {\r",
							"    console.log(\"Error parsing response:\", e);\r",
							"}"
						],
						"type": "text/javascript",
						"packages": {}
					}
				},
				{
					"listen": "prerequest",
					"script": {
						"exec": [
							""
						],
						"type": "text/javascript",
						"packages": {}
					}
				}
			],
			"request": {
				"auth": {
					"type": "noauth"
				},
				"method": "POST",
				"header": [
					{
						"key": "Content-Type",
						"value": "application/json",
						"type": "text"
					},
					{
						"key": "Accept",
						"value": "application/json",
						"type": "text"
					}
				],
				"body": {
					"mode": "raw",
					"raw": "{\r\n  \"id\": 0,\r\n  \"category\": {\r\n    \"id\": 0,\r\n    \"name\": \"string\"\r\n  },\r\n  \"name\": \"doggie\",\r\n  \"photoUrls\": [\r\n    \"string\"\r\n  ],\r\n  \"tags\": [\r\n    {\r\n      \"id\": 0,\r\n      \"name\": \"string\"\r\n    }\r\n  ],\r\n  \"status\": \"available\"\r\n}",
					"options": {
						"raw": {
							"language": "json"
						}
					}
				},
				"url": {
					"raw": "{{base_url}}/pet",
					"host": [
						"{{base_url}}"
					],
					"path": [
						"pet"
					]
				}
			},
			"response": []
		},
		{
			"name": "GetPetByID",
			"event": [
				{
					"listen": "prerequest",
					"script": {
						"exec": [
							"const invalidPetId = pm.environment.get(\"PetId\");\r",
							"const comparisonValue = \"9223372036854776000\";\r",
							"\r",
							"if (invalidPetId == comparisonValue) {\r",
							"    // Generate random number between 1-25\r",
							"    const randomValidId = Math.floor(Math.random() * 25) + 1;\r",
							"    \r",
							"    // Set the new valid ID in environment\r",
							"    pm.environment.set(\"PetId\", randomValidId);\r",
							" \r",
							"} else {\r",
							"    console.log(`PetId ${invalidPetId} is valid, no replacement needed`);\r",
							"}\r",
							"\r",
							"// Verify the current value\r",
							"console.log(\"Current PetId:\", pm.environment.get(\"PetId\"));"
						],
						"type": "text/javascript",
						"packages": {}
					}
				},
				{
					"listen": "test",
					"script": {
						"exec": [
							"const responseData = pm.response.json();\r",
							"\r",
							"pm.test(\"Verify Status code is 200\", function() {\r",
							"    pm.response.to.have.status(200);\r",
							"});\r",
							"// Test for the presence of all expected fields in the response\r",
							"pm.test(\"Verify the presence of all expected fields in the response\", function () {\r",
							"    const response = pm.response.json();\r",
							"    pm.expect(response.id).to.exist;\r",
							"    pm.expect(response.category).to.exist;\r",
							"    pm.expect(response.name).to.exist;\r",
							"    pm.expect(response.photoUrls).to.exist;\r",
							"    pm.expect(response.tags).to.exist;\r",
							"    pm.expect(response.status).to.exist;\r",
							"});\r",
							"\r",
							"pm.test(\"Verify the data types of the fields in the response\", function () {\r",
							"    const response = pm.response.json();\r",
							"    pm.expect(response.id).to.be.a('number');\r",
							"    pm.expect(response.category).to.be.an('object');\r",
							"    pm.expect(response.name).to.be.a('string');\r",
							"    pm.expect(response.photoUrls).to.be.an('array');\r",
							"    pm.expect(response.tags).to.be.an('array');\r",
							"    pm.expect(response.status).to.be.a('string');\r",
							"});\r",
							"\r",
							"// Test for the specific values of nested fields in the response\r",
							"pm.test(\"Verify the specific values of nested fields in the response\", function () {\r",
							"    const response = pm.response.json();\r",
							"    pm.expect(response.category.id).to.equal(1232);\r",
							"    pm.expect(response.category.name).to.equal('555');\r",
							"    pm.expect(response.tags[0].id).to.equal(2);\r",
							"    pm.expect(response.tags[0].name).to.equal('54');\r",
							"});\r",
							"pm.test(\"Verify API has Status 404 NumberFormatException or have pet not found\", function () {\r",
							"\r",
							"    if (pm.response.code === 404) {\r",
							"        const errorResponse = pm.response.json();\r",
							"        pm.expect(errorResponse.message).to.not.include(\"NumberFormatException\");\r",
							"    }\r",
							"});\r",
							"pm.test(\"Verify the pet id is correct\", function () {\r",
							"\r",
							"    pm.expect(responseData.id).to.equal(parseInt(pm.environment.get(\"PetId\")));\r",
							"\r",
							"});\r",
							"pm.test(\"Verify the pet name must bea string\", function () {\r",
							"    \r",
							"pm.expect(responseData.name).to.be.a('string');\r",
							"\r",
							"});\r",
							"\r",
							""
						],
						"type": "text/javascript",
						"packages": {}
					}
				}
			],
			"protocolProfileBehavior": {
				"disableBodyPruning": true
			},
			"request": {
				"auth": {
					"type": "noauth"
				},
				"method": "GET",
				"header": [
					{
						"key": "Content-Type",
						"value": "application/json",
						"type": "text"
					}
				],
				"body": {
					"mode": "raw",
					"raw": "",
					"options": {
						"raw": {
							"language": "json"
						}
					}
				},
				"url": {
					"raw": "{{base_url}}/pet/{{PetId}}",
					"host": [
						"{{base_url}}"
					],
					"path": [
						"pet",
						"{{PetId}}"
					]
				}
			},
			"response": []
		}
	],
	"event": [
		{
			"listen": "prerequest",
			"script": {
				"type": "text/javascript",
				"packages": {},
				"exec": [
					""
				]
			}
		},
		{
			"listen": "test",
			"script": {
				"type": "text/javascript",
				"packages": {},
				"exec": [
					""
				]
			}
		}
	],
	"variable": [
		{
			"key": "base_url",
			"value": "https://petstore.swagger.io/v2",
			"type": "string"
		}
	]
}